geo,population,income
"POLYGON((-122.40165171048429 47.560872330109085,-122.37092432400968 47.562030699477724,-122.3668044509628 47.55172031167551,-122.38757547757413 47.54256669470873,-122.40474161526944 47.54314608494042,-122.40577158353116 47.55079343586474,-122.40165171048429 47.560872330109085))",54623,4563
"POLYGON((-122.35907968899991 47.537931342327,-122.33951029202726 47.537931342327,-122.33951029202726 47.524486502797835,-122.35907968899991 47.524486502797835,-122.35907968899991 47.537931342327))",32955,123563
"POLYGON((-122.37613015224355 47.47520745920294,-122.32154183437245 47.47520745920294,-122.32154183437245 47.44340630706959,-122.37613015224355 47.44340630706959,-122.37613015224355 47.47520745920294))",43643,46328
"POLYGON((-122.31036216528535 47.44043298435435,-122.27585822851778 47.44043298435435,-122.27585822851778 47.40245319155558,-122.31036216528535 47.40245319155558,-122.31036216528535 47.44043298435435))",239573,234523